r2_score,mae
0.950770374106836,414.38077644848084
