r2_score,mae
0.8631410825807229,724.5582445536933
