r2_score,mae
0.9499916837535685,400.48883441547014
