r2_score,mae
0.9522835612297058,491.4369932556152
