r2_score,mae
0.9568403738630558,406.6059470495262
