r2_score,mae
0.9584418647464976,379.9550252767416
